{
  "users": [
    {
      "id": "1",
      "firstName": "myname",
      "age": "20",
      "companyId": "1"
    },
    {
      "id": "2",
      "firstName": "yourname",
      "age": "10",
      "companyId": "1"
    },
    {
      "firstName": "Thanush",
      "age": 3,
      "id": "AK2HRAm"
    },
    {
      "firstName": "Sample",
      "age": 23,
      "companyId": "2",
      "id": "zGWY5Ic"
    },
    {
      "firstName": "Sample2",
      "age": 23,
      "companyId": "2",
      "id": "reh7b-Z"
    },
    {
      "firstName": "Sample3",
      "age": 23,
      "id": "D7eqf1a"
    }
  ],
  "companies": [
    {
      "id": "1",
      "name": "aequalis",
      "desc": "Blockchain expert"
    },
    {
      "id": "2",
      "name": "bezo",
      "desc": "E Com"
    }
  ]
}